entity,period,y,x1,x2
1,1,0.35359573554590784,0.76164173773694277,1.2333794360377028
1,2,-0.95220807061008206,-0.36731853479818777,-0.9889661236939481
1,3,1.1267420820625151,0.20578728581116371,-0.42127126388048847
1,4,-0.9981666202536732,1.3080917093589906,1.4883741241119075
1,5,-0.079368363546605272,-0.11543443139229186,-1.2011573905682336
1,6,-1.0862588165456304,2.1744716945857312,2.4849963807887256
1,7,0.46140995657956341,0.8246179415641689,-0.37949623713378899
1,8,0.42025592494055869,0.21453053615022119,-0.50540935817288934
2,1,1.5691079774979273,-0.36919973569759507,-0.75220006788377525
2,2,-1.0995159199788076,-0.81073314940967001,1.2671885884018521
2,3,-0.40187015721367003,-1.6551459687429235,0.27714763111660629
2,4,-0.90510363025322627,-0.26435189304333445,0.78639980871551107
2,5,1.9140208953640319,1.5654505526951008,0.045848101192286071
2,6,4.1671605641631047,2.9810908627992192,-0.82394159201177575
2,7,-0.42020565340389426,-0.55857222719386079,-0.47023037946533275
2,8,-1.5752979145139203,-0.51114370312472468,1.1166916696128588
3,1,0.83678103988910757,0.48068112500862625,-0.9236856373615443
3,2,-1.0485456319700279,-0.88481953314485984,1.0515633062140768
3,3,0.31442878645194366,0.25790979786014645,-0.87953638262308498
3,4,-2.5317304717049254,-1.2443200413884805,1.7303243273323035
3,5,-1.9838511544854289,-0.17905877469271217,0.64685930355997434
3,6,1.9298192519537976,1.689812196528276,-0.012958370851544283
3,7,-0.61659997829880164,-0.43467164100351213,-0.32388340221251116
3,8,0.77016177331673319,1.1266034332950727,-0.68752497000902302
4,1,4.2638871332224699,2.8851796684641413,0.28240927399303578
4,2,-3.3696602082502274,-2.0947231069678924,0.94062037792008357
4,3,0.62949913912816646,-0.68920167086960049,-0.090280211400898605
4,4,1.2932052120870314,0.038402483823633753,-0.53084899169641475
4,5,0.66340588079793661,-0.21061135431149969,-0.66501075910374441
4,6,1.1643697877900379,0.92259912038799363,0.28228929343788611
4,7,1.1662989740661507,0.50464654833680866,-0.52145408697222351
4,8,2.7127040372952083,1.1049053221391385,-0.093583309658192337
5,1,-3.1274397709254873,-0.29106909423392119,1.6229561811999678
5,2,-1.3474243086700692,-0.27674109144455228,0.93878076523748499
5,3,-2.0061164534980631,-0.37627941544780807,0.92762417676984799
5,4,-1.8197834736315617,-0.38851022650265454,0.56955036141399051
5,5,-0.75308542781121401,0.82653624165968187,2.4331735734415725
5,6,2.1322251418269023,1.0167314709926951,-0.99248933486241786
5,7,-1.6607277743227502,-1.3449833428891125,-0.62773846840211112
5,8,-3.0215241047818,-0.63635125225213141,0.98916993283406718
6,1,1.9328531095003689,0.61341162255086779,-1.0226573839737261
6,2,1.9701343342730491,-0.45072153670122678,-0.55979601786283872
6,3,-0.88206642296974036,-1.4946823267039817,0.27769322869727897
6,4,2.097129275942228,0.37430999161700879,0.35284046308083961
6,5,3.3819832209432281,0.12349763311269482,-2.158317838784753
6,6,-2.2565551228157945,-1.6919064002317961,1.3316032162214446
6,7,0.39997161531530501,0.5009230682909207,1.472646425438275
6,8,-0.33989200482350118,-1.5228639971224978,-0.59350626286314934
7,1,-0.20966473052171047,-1.4457163774347346,-0.40726814201231443
7,2,-0.47917088928747265,-1.3264158548535949,0.2205241907187093
7,3,5.3707642342476465,1.2984515822880012,-2.7011988874285371
7,4,0.63605989145230424,-0.4890262021370595,1.7895240811219573
7,5,0.87869075624124471,-0.4120100476713055,0.11581350108540192
7,6,2.4884982985736022,0.91589343070871387,-0.39785421140022736
7,7,-1.6659762334273296,-0.73856612194299331,2.1708646951795347
7,8,0.76794422892494685,-0.66853613621214203,1.0262962502026181
8,1,0.094368532865544363,-0.76073983287035007,-2.8764649892096936
8,2,0.58064408093943853,1.8695222367675917,0.2061230765116544
8,3,-0.83981775601596209,-0.47827989870464416,-1.07011186573218
8,4,-1.6520566848359124,-0.34671090923694919,0.57527679259478559
8,5,-2.1227190066315633,0.27958543698920574,1.8330108689295634
8,6,-0.12215290901551379,1.0500049980445372,-0.71246085848259599
8,7,0.56468760391160211,0.42037019356234706,-0.38173982797481343
8,8,-1.5007667583790769,0.52113057679898556,-0.40432814353502167
9,1,2.0541721773573811,-1.0276155194752794,0.44735450746596439
9,2,0.39638552864802612,-1.2901082604621419,-0.26135939489415433
9,3,5.9555013133051293,2.0420635661121622,-1.2177821604439825
9,4,2.9435336269372749,1.7766200033074384,0.77831889513662489
9,5,0.76212586293346418,-0.079723731638204884,-0.70233024471714989
9,6,0.26101765020150047,0.52037655058267973,-0.58902283804015587
9,7,0.45464207125817169,-0.16310609257739303,0.39371745721115486
9,8,0.81518677364904324,-0.44265699695761035,0.49767540491788015
10,1,4.2097886192572993,1.2117686895426765,-1.7230556505143764
10,2,3.712009382536015,1.0579732180080654,0.5219356342916972
10,3,-1.7410633939622211,-1.8110785229334969,1.194576303183476
10,4,3.5458450626591689,0.81685442203670811,-1.0166723547291079
10,5,1.4926499548975991,0.72031971177673004,-1.1471234453413754
10,6,0.82659230049904231,-0.77598949310302057,0.4722953517568117
10,7,-1.715973983224929,-1.2199095458679536,0.65106776807694433
10,8,-0.88659038844132843,-1.6099695583038318,0.60330168404539863
11,1,-1.3714467446753584,-1.9931756975655868,0.98486023223331787
11,2,3.8665902582445191,0.1272885971404267,-1.3641684788894941
11,3,3.7502162986823029,0.24622483626221911,-1.1084091870333597
11,4,2.4063883739296918,-0.76052676933195296,-1.1007570348061133
11,5,3.181495382439202,-0.62994028926870782,-1.2728027120221501
11,6,0.05035554853374391,-1.8447819689922267,0.90315834663652605
11,7,2.8023773225013247,0.09846818477331,-0.85338326027591982
11,8,2.7970404807168672,-0.56073700831099005,-0.094348278474185365
12,1,-1.4035770212275405,0.0067226028249111856,-2.2163422449408881
12,2,-3.4804687142145689,-0.59486606398139097,0.030037269917082176
12,3,-4.2333821325673879,-2.1826212090008976,-0.81368829759627859
12,4,-3.5616586371877021,-1.625984180681713,0.056765565316641509
12,5,-3.2162813144164235,-0.15746029667886885,-0.35747055016936086
12,6,-3.4110904688244057,-0.26060329238150121,0.7395548711904919
12,7,-2.0326231011302771,0.38630346917593061,-0.31404092723525767
12,8,-3.7945777948385362,-0.77678732292760388,-0.46114437068905978
13,1,0.61784072444794025,-1.5616391604026723,-0.69749561598460408
13,2,1.8447283801583889,0.4426757438060917,0.51077277358108009
13,3,1.3944583740232637,0.048429282883550889,0.036861931468633979
13,4,3.6789049342665958,0.84722793788324813,0.69281470217888397
13,5,3.1557894504073847,0.081598811869253482,-2.2522951582945168
13,6,3.3999331046677472,0.58409142954175841,-1.3663393984898762
13,7,1.7435660729220535,0.69033550629268292,2.1524790629561901
13,8,1.5200355908015697,0.94328480920921054,2.7787777089189687
14,1,-4.9355695484431248,-1.4831185323901845,0.71534183689703557
14,2,-4.1644944543533464,-1.502080017719106,0.36661123592986045
14,3,-0.33991269089557041,0.97489205789435929,-0.91104998168691831
14,4,-1.0033997383586932,0.03120655777620239,0.49882398745406709
14,5,-1.3803212864208025,0.67443577622584117,-0.16170341229464633
14,6,-1.8939785941026241,-0.18532452820241316,0.048073156701211567
14,7,-4.1913668087086524,-2.303070812114866,0.1854108096706969
14,8,-1.1581051071794637,0.038450640917211412,-0.51310023050152598
15,1,-0.69526953451149653,-0.67045171353473065,-1.4073298367612432
15,2,1.2814616081772838,1.6073576006445034,-0.39481287530666098
15,3,-4.0562337143897862,-1.6590636613251211,1.8825477826045851
15,4,-2.1827738937591268,0.10106766280601792,0.47951242298917318
15,5,-0.41456728179205821,0.18876061952262158,-0.93376626807406171
15,6,-4.334805043591329,-2.4933248069081761,-0.013714683552013981
15,7,0.79309301369124918,1.6774605397592204,-0.065212653358226347
15,8,-2.056582293820739,-0.80169112098513151,1.2937896806137104
16,1,-2.2099277007417282,-1.0345604793199317,-0.57331491077420982
16,2,-2.1697908133991612,-0.31639551150797257,2.6110864486679284
16,3,2.9910386396612285,1.1201308756631556,-0.79886149434661324
16,4,0.87139094937371198,1.7652434245032511,-0.037899239296445925
16,5,-0.43159411285153337,-0.85018446040056705,-1.3285271017805909
16,6,-0.47869815516690983,-1.0350466376622045,0.4289263611093187
16,7,0.13723144718389993,-0.30444603497634126,-0.28805709507857069
16,8,-0.43812818657115438,-0.79305028703837943,-0.73698776044368086
17,1,3.7159854387475244,1.8115132865564008,-1.6383547735058785
17,2,-0.075630967451410069,0.55494823331961507,0.17192574625269869
17,3,0.057639469911412222,0.80577335245435622,0.51784217379751274
17,4,0.18818168113067058,1.1758368201891813,-0.85895691874497193
17,5,-0.66797128219617996,0.93809325440045221,0.44473099090199159
17,6,-1.3933610900783595,-0.26917907726755302,-1.2059821251389171
17,7,-1.1769575234858562,0.016293012023802893,1.050497127949086
17,8,-1.3727971142450537,0.87744198301022569,-0.6826046152575711
18,1,-1.8701719814625182,-0.65290807879841717,0.38573469271334843
18,2,-1.2388939094970903,-1.0284725156476429,-1.4167754945761684
18,3,-0.077606209017792915,-0.64648470081125298,-0.70077474305059884
18,4,-1.924385524467757,-1.0461330870192993,-1.028618664650536
18,5,-0.19170455881774434,0.67091567253612672,0.38510923609922737
18,6,-0.63100513277006143,0.21322868193222969,0.6015915258973672
18,7,-3.3140695554660935,-1.2495613808198858,0.63103059449213139
18,8,-2.8810004260306794,-0.77292044612207944,1.3470303987703378
19,1,0.38427768723866684,2.105088879012218,0.32974891291064207
19,2,-3.489597658051709,-0.98524785599600051,0.90048058909125928
19,3,-1.0574496191842249,-1.2977553803110751,-1.8830215710598388
19,4,-2.5964200992894475,-0.64204836702226686,0.7412767737941991
19,5,-1.8262381377480348,-0.37198903203288602,0.39404617089856875
19,6,-1.5158838769560226,0.69275833769446449,-1.4866948998012184
19,7,-2.7030168764059712,0.44689635562754076,-0.44986608352400731
19,8,-3.7119664397727328,-0.79494847017421977,0.079422407930382757
20,1,-4.8742516336900223,-1.785626632621143,0.30611152794678592
20,2,-0.72377863284221755,1.3940798274828687,-0.59613993079514049
20,3,-5.1064745702112129,-1.9988020395148156,0.077901991256568728
20,4,-0.037382207950493629,0.11645901443955096,-1.6706399597726251
20,5,1.4510578437156063,0.36555034830828098,-0.49803994881355729
20,6,-1.1847083280782904,0.51654087945821481,-0.083754905593288589
20,7,-0.21256172211472135,2.2630028471517138,1.3077360464284165
20,8,-3.6155204849816416,-0.91398284034771426,-0.67479357127937512
21,1,2.9950606912171236,0.66336277309329916,-0.45341922692832598
21,2,0.23517922112911616,-0.23661684839412958,-0.25292273598927761
21,3,1.7931950237436967,-0.35576183748859386,0.38035039763632972
21,4,1.8003227665683408,0.29844841012473655,0.5038954340770504
21,5,-0.20654783071921473,-2.4640324082401519,-1.2936331403111594
21,6,2.2940090279448331,-0.95093771938078786,-1.6975898263432669
21,7,1.0512454925529042,-0.13466115853555138,-0.67639973715659651
21,8,4.9980812210015886,1.1087574348474238,0.2069062066405139
22,1,-1.1277619148640325,0.35760336439714868,0.550819709986204
22,2,-1.6552467912321855,-0.43516655738542143,-0.52474127836772466
22,3,1.5532227507902627,0.69581825570522748,1.3477613318383856
22,4,-0.58296109236678784,-0.0753729325676189,1.2050685127154943
22,5,0.94792738357017592,-0.28252485320398074,0.62686642790639702
22,6,3.6578834140803451,1.7911190131941708,-0.93666404306902029
22,7,0.35389230948171357,-0.94301310913841541,-1.5005586619874305
22,8,-0.78666774915554816,-0.52360511194001891,1.1470714937850333
23,1,0.91526237053401138,0.56066877279694238,0.40824412050052872
23,2,0.61891619925003449,-0.69698419470630013,-0.29609303076689536
23,3,-1.0272613579223007,-1.2904905177980419,-0.64226442234988979
23,4,-0.48027981832997146,0.87011217825106657,0.80537332742242851
23,5,-0.17384281378918343,0.87061102153596559,0.29094927789328423
23,6,-0.21156713235741187,-0.17676428496233884,1.2340943021614494
23,7,-0.47121594863316607,-0.88781813457061487,-0.59854654827753784
23,8,0.82090516962260285,0.31252621156535809,0.67564161379032617
24,1,2.3944063037580272,1.2898896523953405,-0.99166574324700174
24,2,0.57311725775595868,0.19906156780376355,0.23376136485307369
24,3,-1.8103483490835806,-0.96963905364033165,0.54832457023295
24,4,1.5537119874739196,1.6327760458422391,1.2816368060536552
24,5,0.16523916698572233,-0.95990128669239771,0.051302338204986996
24,6,0.034048805790490522,-0.17094106172381887,1.0146560421868278
24,7,-0.47902168840420278,-0.52409253911716513,0.69055451703450532
24,8,0.39551080482261458,-0.33755975501502511,-1.8572398661984495
25,1,1.867815361455597,-0.5687807326879547,0.84874834160215529
25,2,2.7389687942745669,0.11302468781105633,1.4466227206638305
25,3,3.0648312877134911,0.49164700564373631,1.0455998112067943
25,4,3.7842341417174525,0.40302279869458113,-0.8138725696520106
25,5,4.4803898483623925,0.038094530435681444,-0.21742599668009249
25,6,1.5481999926598047,0.72167229113147902,1.0908865083740857
25,7,0.7390529042379721,-1.069282736870973,0.67195972127819426
25,8,4.2586476862204199,1.8547723743055498,0.95083187346131426
26,1,3.3075419689804564,0.84640958271687949,-0.84972681727046595
26,2,3.4808651000685646,-0.58368227798481342,-0.84224583354355942
26,3,2.526102684750581,0.13287389517611253,0.13085792806934821
26,4,1.7290495921471134,-1.2871180063660423,0.24661001007776456
26,5,1.5116407615510803,0.40178041483462629,0.42602686401138523
26,6,2.1690718446081552,0.35903093601363512,-1.2357374831110748
26,7,2.2915217108252492,-0.24503136770642786,-1.0643762126584442
26,8,3.7256274215639538,0.75854647040137091,-0.44644335440826721
27,1,-0.40728946380107256,1.0926142690587621,-0.97181061135749691
27,2,-2.5835293515694207,0.39650531830652241,0.70634391745150904
27,3,-1.338350397573713,1.2422954211770061,-0.16443715801423886
27,4,-5.7856982095476575,-0.9754818805791835,1.3819815276574765
27,5,-1.3236146236251132,0.066516818319361043,-0.54471794413499941
27,6,-1.118862806573216,1.7094460201796697,0.70963273857316167
27,7,-4.5033755322494065,-0.71886584438403667,0.18066679196701263
27,8,-5.1926771685338053,-1.4564470168991543,0.84784153920489591
28,1,1.3719628051127737,0.019226591127387983,-0.11760590529623556
28,2,1.0202402782190008,0.21655556613475688,-0.27991001738930832
28,3,2.4305308251881246,1.3751405598137361,1.7362518967817961
28,4,2.4846178073051131,0.04390686617146429,-1.2053602063722293
28,5,2.9555751073555019,0.86246618521862151,-0.28819127364633657
28,6,0.74445088988773533,-0.96340273130637777,-0.82362188556367955
28,7,4.195997413619212,0.99700764651555618,-2.4142281315222345
28,8,1.1043323558356557,1.8153671715923938,1.2589161300914904
29,1,2.4327059325740632,2.1101733015983504,0.82010602917687359
29,2,1.3821647339071901,0.17974376373296064,-2.4935260342655545
29,3,0.19956450249061641,0.73388164933283728,-0.066069377791969391
29,4,0.79933347018622314,0.33925251278095059,-0.077551563775502722
29,5,-2.4023693871242848,-0.048549604218959486,0.95059299604859726
29,6,2.0715086604274742,1.3289176510676619,-0.48467793264539416
29,7,-0.2191489317818649,0.56510020557983465,1.6972986164276662
29,8,0.46855939658630363,0.79420979122234925,-0.018157918403751045
30,1,-2.7898682196842852,-1.0059304482854261,1.7619503058390347
30,2,0.10876218897428339,0.13092856591799376,0.75047644673336222
30,3,1.3553084507345514,0.84239946088660789,0.3252955590227421
30,4,0.9836652245563331,-0.60609555941593474,-0.66435310585058105
30,5,0.73402470655112795,-1.0555232550201152,-1.146535982532888
30,6,-1.544596148949527,-0.86332187301358576,1.6627536501426823
30,7,0.87566386283533981,-0.11475461161000865,-0.63669063944276993
30,8,1.3224830377160048,-0.38959388727785232,-0.0043671861213076301
31,1,4.1549892713812984,1.0556989839033244,-0.28267592657242813
31,2,0.14206050335223019,-0.85305091930896204,-0.83945646278667785
31,3,2.962404989788384,0.93803232577629769,-0.85906501252227929
31,4,2.0790129579739989,-1.5843020793846125,-0.14733134362554889
31,5,3.0686724016031826,0.50347749045616785,-0.96113846681657611
31,6,5.0490490284668939,1.8844699892023005,-1.1059012092403528
31,7,2.5830528094066585,0.9590625297463784,0.36790461963782362
31,8,2.980243494835229,1.2054394232544643,0.49146913781089563
32,1,-2.1588399064136401,-1.1946007905009273,0.58420392748345629
32,2,-0.60588065875000208,-0.16815509059767103,-0.7240870145067585
32,3,-0.32753592079788829,1.512492239000411,-0.035740856343876748
32,4,-0.20668360135364222,-0.069704696841919267,-0.3381475771246516
32,5,0.19659142742322683,0.263672359591415,-0.41593039745180838
32,6,-0.57467601298918869,0.18048423143694795,-0.072466056442302168
32,7,0.95891366347609319,1.1860117421921181,-0.18716634277662511
32,8,-3.3098448832793976,-1.8757459342245471,1.2147024061494267
33,1,0.58513625813095005,0.60817794837216188,-1.4429729696322589
33,2,0.18752627160680979,-0.25284858462181525,0.78257852420371565
33,3,1.1762210898384038,0.62144373455045221,-0.41580571262482285
33,4,0.0024648850428001801,-1.0131674801399502,-1.17973527336713
33,5,0.49621915601930844,-0.37633976282522608,-1.3072743804416418
33,6,-0.20292001208708899,0.24151046591604111,0.62834379918887673
33,7,-2.303534003430272,-1.8161645733756071,0.15658802608450395
33,8,-0.39612657569202114,0.10643442237768323,0.23896383588202985
34,1,-1.0592117741738287,-0.45429867181708344,2.5544558662922627
34,2,2.4074198110494116,1.0326057851138015,1.3437486043449089
34,3,1.4151411365299313,1.4421536117365541,0.24270060023608614
34,4,1.4763491018137123,0.63270371601724595,-0.34957104795128358
34,5,0.5778053164163619,0.49882128594926795,1.1644809051862792
34,6,1.4246149683411973,1.1829335332120574,0.78283933048328624
34,7,1.336664549693525,0.4612608541726555,0.12351154307184392
34,8,3.068801311971832,0.12856035508032873,-1.0384496437784752
35,1,1.9490782874866228,0.42494927278169919,-0.30893724686035984
35,2,0.69933940563599128,0.37614557236807489,0.76506161990846577
35,3,1.237710574175575,0.8646331310718417,0.67269426509579255
35,4,0.79796158148847129,-0.69785802654677898,-0.89766110481252148
35,5,-1.8301502251907285,-1.2590480760447025,0.74878461805950114
35,6,-0.90361150901532739,-0.16501836131271325,2.4550190373953611
35,7,0.011420527973288762,0.43679729308925858,1.1545515444688037
35,8,-0.56534512911778301,-0.84464198501470167,0.16558126296495401
36,1,3.7379664027378223,1.9670942552727257,-1.9336947684132553
36,2,1.2112157508911177,0.86937359274490322,0.23786883160953204
36,3,2.8483350625874291,0.11469265874968348,-2.4674098841452183
36,4,0.52914951845785296,-0.35560185850000314,0.74235596375918012
36,5,-2.2309790406302086,-0.97428154471688044,1.9847780552994023
36,6,2.2398578848417756,-0.14230568902892463,-0.79159372856656951
36,7,-3.7584774987567879,-1.4265081671418547,1.2462529705120893
36,8,1.0801284154885726,-0.36039687678933369,-0.70389574799653332
37,1,1.4900958684904677,2.3489500342329226,0.50871530443567758
37,2,0.55738777232714487,-0.45945296151545206,-1.3997335869469909
37,3,2.6341344409142824,1.3454655431564131,-1.4441024234244115
37,4,1.2763099094386663,0.15814232068037568,-1.0596944853512871
37,5,-0.75616773763463541,0.52830416730290464,-0.073680995473414057
37,6,-3.469612875802091,-1.3989248685723124,0.076030684024822562
37,7,-3.7433275177433769,-1.8279906418840397,1.0841191251338209
37,8,-1.5284348939104266,-1.1740504914463126,-1.2992400244882909
38,1,-0.15327376826381389,-0.87643170682322025,-0.47533581845178596
38,2,1.0651277314358918,-0.12109241295816148,-0.65270383103863872
38,3,0.28718776430713533,0.23631813479822619,0.70133125203289681
38,4,0.69553624557977611,0.43317361544034999,-0.2082530383868883
38,5,-1.0045286049349542,-1.8739047769839454,0.41793985393323246
38,6,2.2052889665163518,1.5961119965538708,-0.78705668423913333
38,7,0.59629495436572355,0.23178040728577984,-1.2962756053355291
38,8,0.70592965487995085,0.83915220191717377,0.40266307490216358
39,1,-0.84013778137970907,-1.3399717965803035,-1.6870928698559373
39,2,1.7909229942667011,0.69984374377777092,-1.0461416559603087
39,3,-2.1825430535271821,-0.21115988166616109,0.12171041976688178
39,4,0.43560033295683676,-1.0925175578698068,-0.049583542448274572
39,5,0.27580435925465485,-1.0134036056353934,-2.2662249623504813
39,6,0.21829666295318917,0.89535658950202812,0.21256489031463494
39,7,1.7764165399026424,0.096025392409065366,-1.0176376149612814
39,8,-3.6703602478976824,-0.90155902413508726,1.5330152842475113
40,1,-3.2583409086962232,0.16668614796385195,-1.2047947757306414
40,2,-3.520822367148341,-0.11149044973497026,-1.0604896577926779
40,3,-6.0417020098495771,-0.31804946964927439,-0.61039647564940791
40,4,-6.2886252241129537,-1.2064824555673164,0.78709799116291279
40,5,-3.0617103679132089,0.3358405672087732,-0.69829864208242687
40,6,-2.0403572369536711,1.962930362329746,1.004866403699223
40,7,-2.2209199942414792,1.9132309230880604,-1.3847069629778668
40,8,-4.9840598022779874,0.60146602520462944,0.4065996190652667
41,1,-0.56550062052769356,-0.31561740352262452,-0.5494516070704748
41,2,-1.7892588879757447,0.49446900527557058,0.39070099861268182
41,3,-0.2784606017402968,-0.042099981830905492,-1.1080231487503365
41,4,-0.211341639289988,0.34563538881916595,1.1515866206468299
41,5,-2.8518079230424278,0.10330013447914844,1.0526831915479358
41,6,-0.64607279921934091,0.28304639604459625,0.42878182491228778
41,7,-0.61421105968966794,-0.6960253487634237,0.90667253745637622
41,8,-0.17663016878820673,-0.48420776452096675,-1.1408416998906334
42,1,-0.67839136727649951,-0.74460250307454501,-0.20658458730565335
42,2,-1.7275610718730285,-1.1507212052875735,1.6198418362158955
42,3,-0.58181264761779583,-0.43599829707145565,1.6140831527346819
42,4,3.4669724805624198,0.14460157990335415,-1.1753753904532265
42,5,-0.73397100486509059,-1.5088353354954935,-1.1741943868687119
42,6,0.097720495360769044,-0.72642369348256119,0.8368113670586389
42,7,0.4487758268279366,-1.0406022553485339,-0.86260487305944433
42,8,-0.49106851518195416,-0.93971242001464739,0.28278155232931668
43,1,2.3884608734442891,1.8518243532427143,0.03580735706269951
43,2,-2.1612973711131889,-2.02456868773853,0.80926975937807144
43,3,-1.7762453445816688,-0.49537560553986343,0.5777876932855468
43,4,-0.11580282718472992,-0.11289532269097861,-0.23763454366266079
43,5,-0.96560058240634872,-1.2952961947284389,-0.67426718047188483
43,6,-0.6432134877217861,-0.13786853016404096,1.1714638271861133
43,7,-1.9890933836328009,-1.092358167252893,0.77890818245707494
43,8,-5.2856049636059055,-3.1375852879569597,0.53382177855906743
44,1,-0.73306018468851719,-0.70731495414913725,0.94122278619978139
44,2,1.8725800130269585,1.5981514552799025,-0.48785560277853263
44,3,-0.90562052315976604,-1.3547427609026712,-2.2682184623213
44,4,2.9605560405791653,2.5665397178552847,-0.65534099629060194
44,5,-1.1159352643190201,-0.48757589225351439,-0.39414916617099588
44,6,-0.52122716684320591,0.053515532553477553,1.2126431890816061
44,7,2.1606683867894478,-0.025259332461236107,-1.9708464254869558
44,8,0.79469145058000634,1.2767268616715821,-0.19530373184242261
45,1,-0.43322292132038287,-0.84081755419780579,1.1280099820507368
45,2,2.4293367270424819,0.8585088901025264,-0.88032937460159921
45,3,0.44078934153817839,0.47752006611247372,0.44906811684134618
45,4,3.1366980693527085,1.4132850898008624,-0.68447766772709118
45,5,-0.45455470053729058,-0.51868538448739088,0.039819083245902366
45,6,1.8760059487898981,0.5134457853975245,-1.6776001309004787
45,7,0.47507825740092269,-0.758208543016756,0.022761230841980177
45,8,-0.73871564275894674,-2.0328117907779895,-0.21577417370545096
46,1,-0.73112941504692031,0.08522827714905705,1.3075466001537459
46,2,-0.6592953499409937,-0.87358921133640188,-0.10262210689321084
46,3,0.18255133385005262,0.013611647854986083,0.12157492248808344
46,4,0.024940842811031483,0.33467971974410243,0.26618283786516778
46,5,-0.59159365282197995,-0.32304218209883134,0.83157208665400562
46,6,1.6490139745847454,1.890049711616788,1.7546242741234619
46,7,1.4681676921299038,0.69115400583618725,-0.37674990146999088
46,8,-1.2677154571574591,0.1751982877977277,0.22956611411053401
47,1,-2.0075799342796405,-0.79368027114822903,2.1286817688986912
47,2,-1.9311444940396858,-1.2986982540247842,-0.35302060794808543
47,3,1.2386955655160896,0.35363369909711839,-0.7993781190651118
47,4,-1.6786725186256028,-0.86508578887112986,0.031805367170988273
47,5,-0.015909501753246902,-0.09256761888131522,0.90080906818740136
47,6,-1.9461335564557629,-1.215353834489364,0.82119285152260091
47,7,-1.2396402128142288,-0.20988660180646415,0.51028832294927873
47,8,-0.95325994638811806,-0.43444256514674612,-0.6586191255885242
48,1,-2.2454952688928129,0.076115775333516461,0.095499244036606395
48,2,-2.508628287116851,-1.0233386092601411,1.0275134159717068
48,3,0.67919600691017035,2.2103668812680382,0.36579771162817309
48,4,-3.0037310789702847,-1.3429049922579051,-1.3595820457660062
48,5,-3.4889289504904695,-0.97598738059011458,-0.20631763924915331
48,6,0.29580533606670167,1.1479667590806253,-1.1319006596983168
48,7,-0.066904574771846859,1.2577132531315474,-0.62256811303519588
48,8,-3.1390973798022972,-0.43950764297853678,1.3609065567367229
49,1,1.7779713887454076,0.055865522495112528,-1.4497414952880687
49,2,0.22038201678242531,-0.44002281464717985,0.036453063823093344
49,3,1.6875068768682886,1.1188198831873244,1.6042262853874116
49,4,1.0367012720511868,0.5125021149122263,0.084852229161852727
49,5,-0.44448313325536948,-1.0478411085943755,0.90489782739105984
49,6,1.6054076660256551,-0.12236884410687217,0.2243113071029888
49,7,0.073713532909407076,-0.16200178092414874,0.53241307305822672
49,8,1.0001825637933579,-0.40378333268322941,-0.50231398864203547
50,1,0.0027484531227819423,-0.60289479401936297,-1.0737588511293779
50,2,3.4518664425994294,1.0014125683250168,-2.3746646915212364
50,3,3.2310558687406949,1.7656579484789248,-0.72059533325595304
50,4,-1.3056117788395256,-0.87196524488278304,0.4886298867008701
50,5,0.71111309296984282,1.0464127167315369,0.41545299007829006
50,6,0.96435564693978204,0.32472929119151589,0.43012913039079054
50,7,-0.97008444592505738,-0.40587160689274604,0.072584136693552126
50,8,-0.15728031322994168,-0.41940549465688021,-1.1299129911708847
51,1,-2.0304337167410833,-0.54076545807573428,0.17948216787381763
51,2,-0.47484386919545851,0.093615221086691291,-1.0236807806475876
51,3,-0.19236808333726529,0.45948296593165411,-0.15752970677732767
51,4,-1.5739511784156675,-0.86820184731227712,0.92308864162495907
51,5,-2.2126425936554126,-1.3617668053780545,0.44375752270929919
51,6,-1.9544978937419129,-1.2213311675179952,-1.6534809370893406
51,7,-4.0378225216732488,-2.4351824071929995,-1.8772750365885895
51,8,-0.022421778495214983,-1.0086022474908714,-1.2988035879237423
52,1,2.0580540538108756,1.2334329443796546,-1.0288953638925553
52,2,-3.003761185097984,-0.57852631561801082,-0.24472525866375247
52,3,-2.8114205661279046,-1.619443685964546,1.3002404034677026
52,4,-0.28837439033157874,-1.3643264550242911,1.1817619106521202
52,5,0.12142394692911668,0.70948676174155778,1.0061627672667794
52,6,0.041465697853623196,1.2133809714597732,0.22964030308510266
52,7,0.15723160745756593,0.6084572589221251,0.44685245049827643
52,8,-3.5424563363075192,-0.71470683379413613,1.539790600951328
53,1,-1.1339709715657118,0.26012919723419997,-0.76690400513791646
53,2,-2.3098810992281731,0.77337764764459216,1.0365708626352723
53,3,-2.1419427994637776,-0.34442170689088802,0.33465937594944162
53,4,-0.96020564796046737,1.9000944598441973,1.2009173330455172
53,5,0.36452301893915995,-0.40052296648946789,-2.3597390966919671
53,6,-0.10589339492637628,0.65066223163519121,-0.66987385397614496
53,7,-2.6580744779592091,-1.0182177572336286,-0.43900323167634736
53,8,-4.2175187936530607,-1.4092684119774814,-1.1618391760553837
54,1,-1.0309101134210599,0.00092752853563026828,0.94040878679235651
54,2,2.4854663180715155,2.1084850230439329,1.1993806304063186
54,3,-1.3508635831316416,-0.21785307711494917,-0.010326133935044491
54,4,1.2342104147949045,1.9150204892233382,0.47656059440535836
54,5,-1.4731541778297124,-0.5506532646794503,0.74693282479680434
54,6,-1.2346361179837828,-0.41137587310916557,0.15375806962228869
54,7,1.3093899092348433,0.35077819304737917,-1.1814816858869963
54,8,1.1200892816730996,1.596251887838779,2.2487443016920432
55,1,-0.67956936650136912,-0.61050274484097466,-0.25421911487342241
55,2,-5.586115858096294,-2.3035299843419597,0.30443048694757258
55,3,-2.4021238604234472,0.00696709093705362,0.65005336533280667
55,4,-0.092798281391870185,-0.42885928437067095,-1.5946670426705813
55,5,-1.5801927451725377,-0.035543199806603552,1.1055943712923175
55,6,0.22745765295292086,0.031613113924103362,0.35010525042492607
55,7,0.18559321343238266,1.799476426782779,0.06317109055078754
55,8,-1.6459244961588704,-0.83219400907959939,0.93382294816117939
56,1,-1.2259651453049518,-0.33933370931251811,-0.37388541019275451
56,2,-1.9301413090456572,-0.020948538083801222,1.3521055194364762
56,3,0.25885960731332391,0.66454395589120996,0.19874509071860341
56,4,2.8387180231362819,1.4520725963864949,-0.39920232318328402
56,5,0.074083004283263254,0.1295697439449279,0.98105290545978074
56,6,-1.1353026437788529,-1.3631276944709259,-0.8810259566455988
56,7,-1.9831838845540786,-1.100022748111489,0.42741929394473027
56,8,0.098972830568098746,-0.090879189505419136,-0.43242184423949354
57,1,1.3388363295944958,-0.7916004904381222,-1.256237782606477
57,2,1.882374857804203,0.53499169035124305,-0.031733219939745143
57,3,0.94446880376198528,-0.49548637443005927,-1.7999187330154536
57,4,2.2605837245703535,1.6489871984376916,0.38722797925231739
57,5,-0.073507670258017799,-0.58257143619967688,-0.022713923214089615
57,6,0.70088789627123793,0.54809381194861218,-1.6941909800478314
57,7,-0.7347196539816232,-0.61218273476531737,-0.48625816604515715
57,8,1.6331526409241974,0.45574292905221608,0.11923749832588568
58,1,-1.3399965514015819,-0.54400483348296569,0.33500268569457792
58,2,-0.25654609769570225,0.51774595768341969,0.853187468128355
58,3,0.30330368232370597,0.31101409776171057,1.27602409393315
58,4,-1.6711215530780898,-1.261880287489513,-1.3556479091373501
58,5,0.50765169646128594,0.29512116084135176,-0.0080058228306576339
58,6,-0.69278902600889403,0.062925910516833064,1.1857029125967375
58,7,0.58009693571762844,0.61071043310903295,-0.24755976419566988
58,8,2.4699787542011649,-0.21584011117956586,-1.7470044433080918
59,1,0.88064883559733287,-0.46610050903928812,-1.4104444868368851
59,2,-1.6386146426510475,-1.6375939948395177,-1.0578990006300131
59,3,-1.1704269879881917,-0.76527898158388818,0.46592479966337136
59,4,-2.0335289861096051,0.27949064427355408,2.2842228921232079
59,5,-1.3732889050479613,-0.80130050066007519,-1.9170487164636354
59,6,-0.98515181520595729,0.91168707155687501,0.76506165768003576
59,7,-1.6917475072411023,-0.94315693874050588,0.032883224388492456
59,8,0.47200673243322916,1.0525301676844774,-0.28952060795543311
60,1,-1.4567359076676683,0.91138044936070239,0.51047034020000415
60,2,-0.52671325629635279,0.37313864216489401,0.085221319025173922
60,3,1.3125756370015569,1.5501407350865737,-1.0755362269897042
60,4,1.4153554624042175,0.47887459214336425,-0.24869508871131601
60,5,0.13683235747974898,0.79940662975990207,-0.51056887666588602
60,6,-0.036048058660506643,1.1990403649863355,0.77242413383564923
60,7,-0.99443917417931815,0.67675265623764014,-0.40551898341962572
60,8,-3.7267715973409654,-1.883873831811596,-0.33877532461356036
