y,x1,x2
-1.2039652706110893,-0.6211636698489178,-0.82276271655425059
-0.77819858739297354,1.36172745389637,0.58426291860455115
-0.5347374322273637,-1.2470724691823514,-0.52672184057241
-5.2880700639498928,-1.4676391640882835,0.48597584176579472
0.40095866640921618,-0.034217375303994491,1.3209747490486894
-7.1929687345044409,-1.7925623283467691,-1.53091404320744
-0.38957216348900459,0.24686633725370255,-1.4008437220067083
0.092821407710505399,1.8821353263439038,0.53385375989608963
-0.62044748580435305,-0.98541373526708753,1.2788844148637253
1.1247452664582009,0.72221332731811216,-0.46448048160400179
-3.7247525911878969,-1.6229271710593256,1.9249004234536731
-2.6533888314826504,-1.046345519639833,0.94211204826159001
-0.93672765083869991,-0.46443370656103733,-0.0020702125764053606
-0.024159782951813757,0.42164850641756857,-0.95347484367304858
-1.5530509011359741,0.98807013967983615,0.2908896775345034
0.6852651025702734,0.39918178501283608,0.35704933844749148
-2.8091682005024463,-0.76576444302597668,-0.34981346601495378
0.89002781775908935,0.50576480974612537,0.51571334897103394
-0.014036296195005599,0.63941903407728162,-1.3183458482274575
0.8184928789438326,0.57473135990524282,0.43270647546596691
-1.4134844373733308,-0.093029482182901191,-0.282476328820357
-1.7653659071428862,1.1121194887545705,-1.4457300630076027
-1.7585524198802598,-1.1240635199415112,0.016632987422156315
-5.2244971458941727,-1.612780453184437,-0.0082792132027801977
-0.27399371258578731,-0.88687482361357839,1.2884046304130334
-2.5553088654226923,-1.442018998289873,-0.09690985313322914
1.7922593848953241,1.1980056750241803,0.49945811314736338
-1.131564271533569,0.65307971036612233,-1.4522913755728657
-0.57901593655183681,1.9096938159767243,-1.8272274536291294e-05
-1.699503449051436,-0.53643675700253501,-0.21237079717551061
2.5436260903798211,1.2382034075616253,0.88508144198945526
-0.47490347261432198,0.2257298689833207,-0.4770136733732861
-0.38204849222131942,-1.9418964632895914,-1.6921918602237036
3.2952461439615419,1.5690220549561369,1.0675795340247021
-1.4114975140970201,-0.51073644886799263,-0.97681241943631925
0.89458456197348935,0.63731079573198013,1.2703471324198405
-0.91948337351249632,0.36950232462040766,-0.6169476633926062
-2.2540079689588026,-1.5231329450704507,0.96810560234116128
1.671926299138206,0.90558146687625474,-0.21693100502572557
-1.2043216276210875,-0.67257795310432611,-0.89629389029620721
-0.47791137484386598,-0.14333448575289331,0.40131213235174223
-0.58440453633425515,-0.83813399019820389,-0.24167503728332637
-0.11097611394460305,-1.9921151549440164,-0.81732190380253367
1.0802087734471579,0.78957087391589731,-0.78572596250861171
1.7002662505206023,1.9296551463469083,1.215780222047792
-1.1991678461650783,-1.4527130412798321,-0.59640195624921044
3.1509078226878153,1.4994455765190469,1.6816330210724986
1.9806620364324996,1.8423530012251224,0.90067606072750417
2.3399713371346058,-1.9534586451014144,1.1414269755430499
-2.2165389508810827,0.47794480179862964,-1.6339245310588955
0.88687095023781759,0.77976844958404801,1.0022152897979926
-1.9965581891220106,1.5542309384168242,-1.1660270405954394
-1.5732608677257969,-0.28932347941776904,-1.6844003013596349
-1.6814523739226401,-0.53905121739622652,0.6003555148584625
-2.2937779437503636,0.97258898539382832,-0.49844767685599994
0.58887557864769369,1.8462302793591525,-2.4835092113102544
-1.2087791704147146,-0.2415480231263496,-0.35499901187874794
2.4524744057009258,1.8798870989928931,0.41510371692052844
-3.2982606609956546,-1.5458973341846907,1.1896571819080417
-0.72206285986491681,0.17895087588244873,0.081402420311680629
-3.6792485887372912,-1.7072344244859234,-0.1365981413702195
1.1204984491111718,1.6750536865090067,0.7213339282057194
-4.9583448103370111,-1.7685586350456526,0.54126580224189325
-2.6802428640466909,-1.3450430340844091,0.97276135811857845
0.92721612894064032,0.29870235291197256,0.71493461071354647
-0.47530354452985241,-0.56718648696718521,1.5200126842283801
-0.17232003944213861,0.89136293574741465,-1.5927884835068133
0.92954495448300822,0.95650182941070439,0.64456899740705098
-1.3417831057914893,-0.43373893574730005,-0.93442674055604125
-2.638977830412685,-1.1362250635500235,0.61847264465648821
0.0087640234312262866,-0.71157703898005797,0.43649437047704309
-0.2400333645429904,-0.79872405545306524,0.76407033569148342
-1.0683155658723118,-0.11102126782414778,-0.1973697072867808
-1.9245086481371172,-0.66624139242412195,0.48824744440736767
-1.7741852383253045,0.73432052239842482,-0.10558769028529209
1.3366315767980073,1.0033462352922182,0.38759728502812812
-1.1045099566817864,-0.41211789182843006,0.1496661859938038
-0.68053076756299691,0.56058483568158435,-1.8240285834752987
-0.6808831641954789,-0.54150175753195873,0.56264350994118795
-0.24941413797977852,0.87421149995563319,0.92956434058387649
-3.3520176305235241,-1.2313497141095064,-0.96139757259367165
0.45503276051908553,0.20519491079964158,-0.13746914698807525
-0.8347144161418858,-1.8559640465751177,-1.2032924134370426
-1.6066029995407269,0.55460638813224117,-1.4722330433318049
-2.4331707462956444,-1.8997291222008794,1.8516227869615802
1.4752270828098615,0.62359838242332932,-1.1027525341410183
-1.701169353602525,-1.8476038841793794,1.6994197666971065
-0.3752458710268527,0.0928561420289582,1.072748025401761
-2.4165087195298267,-0.68219187725169528,-0.53797209097891441
-2.7073736942996245,1.1125706215175026,-0.78106412685582061
-1.4655578112661347,0.10000178413569216,-0.69219129022662051
-0.710131975712471,-0.58867372820577524,-1.1091746157453051
-4.6725833204692453,-1.1451902363854853,-0.22210948228435154
-3.1037467493910356,-1.873319705645673,1.5937821406103085
-2.6554712577343338,-1.2940257918186644,0.31398669192134243
2.2224663550629695,0.61740074337742223,0.51370196962452852
0.29754125685084554,-0.33860715087461246,0.60341015390227659
-0.18546572073405043,-1.7370451005044694,-0.86260660872205142
-2.8810378186326417,-1.6904380317275032,0.44668657246811944
-2.5203388169635046,0.51251936967581058,-1.123430913727006
-2.0029298256108534,-0.2567136923650617,0.11773570011137113
-0.15902157792845495,1.0207581262508669,1.3295997146893097
1.2981919627990646,1.4032050409564891,-2.1850480006770425
0.71364158073323303,1.1907365480885801,-0.018305799502477346
0.43271174661983897,0.40570163624779232,1.8180883042835685
-0.96770932929496523,0.67422939912753455,-0.27962838726475558
0.13785581737579711,1.0521865462322455,-0.4581923284416613
-3.1440600219468235,-1.7833191491957465,0.87753471743301004
-0.72868514301610932,0.9495789313164904,0.27425932453156138
-3.5906117400656479,-1.523273940594112,-2.2080287659354063
-1.5070775099030553,-0.77007790477005367,1.9617534121511102
-0.90245947697246209,0.58471240198545571,-0.31702571603572127
1.1784039403811974,1.5409792785258647,-0.122465810479085
1.0030125588680905,0.54000669306484239,1.1390668408111075
-5.6413948830050593,-1.9763002013378128,0.5122817708450349
0.16514850072683207,-0.038324534105130592,-0.14569100893888356
-0.80014966727896963,1.0176114593449919,0.56668571033542958
0.27473797863256044,0.69025019763817363,-0.88932958964536057
2.5393453440643965,1.5160534927410771,0.56951445096071263
-0.28482317194869866,-1.2336490735731815,-0.049585888536135041
-0.76645638468222033,-0.87363829033625073,-0.88957990511061946
-0.97902724043915246,-1.3647600678883207,-0.38190704134273296
1.636346827260643,0.98674759649263777,0.34010233367664211
-2.7878538340149897,-1.0656678224780434,0.4239111412896156
-1.4618801364651897,-1.3956149988498723,0.59488124303498879
-0.43094905906586523,0.071347311771070121,2.1506819770634213
-1.9629001104270127,-0.77250616175940845,-0.083121003416744582
4.9759524946948401,1.9592943446001962,0.69109651893850432
0.90618214033999411,0.56518825301323261,0.60846895844929494
-0.39943973669455568,-0.69237119829675864,-1.1756246002557251
-0.92220497985373151,0.13165743536797514,-1.2035846847292433
0.19735985354626884,-1.7298074605161426,-0.42892395058983301
-2.5754898532341604,-1.3883715420385436,-0.42638048146520224
-0.58875438740381414,0.30506004911736539,0.66424204561770483
1.0118960671724915,1.0450629998195469,-0.55984841639136163
-2.3648575028438881,-1.457625370717945,-0.69723077693112112
0.067429369609487033,0.023912635996719889,1.731566100263132
-1.6749896943831604,-0.78965751253338112,-0.33464616719882118
1.7730260341012207,0.55718584312602859,1.1731092544174104
-0.76728784282370477,-0.069877056189541431,-0.28785555267991741
-3.0271996955256104,-0.7357223873893064,2.1718354780425524
-1.9236385179177296,-1.4131097431071211,-0.2316084792782809
0.35904042750001708,0.21980667197241166,0.9658907285689865
-2.1688250318639319,-1.4111034928000388,-2.0203799726587883
2.6334294704503503,1.843739020274656,0.45168780380741763
3.9339956292598153,1.8690245491026554,0.009806304851818947
-1.0543248128173717,1.2437982860777277,-1.9193585597979084
2.6984196564045044,0.99126021814115628,0.67807002851654441
2.9810262281901281,1.7852415658378544,1.5004863033455038
1.2851386689567574,1.374526446770481,-0.19613461761540743
-3.1798510197493455,-1.2588453292009674,0.16487033251074165
-6.7824932561090865,-1.9923186007089564,0.68192213489527886
-1.5727240190494585,-0.4148070686014611,-2.0264044654551356
-2.8458765058022348,-1.608768032151656,1.476562760439998
0.86975287923464084,-0.28247983949461597,1.6526202691371443
0.32271543051460966,0.85336575800625969,-1.193995506168807
3.0796919787346373,1.8925008184344199,0.40034022933040248
-2.1237817500595551,1.9242281770104137,0.0017785464613888687
-0.22793023006248792,1.1534428270797781,0.86197309441395165
-3.8086241508590644,-1.398802784883534,1.0646942604605687
0.98511324108409348,0.34836461864155988,1.4733592777150206
3.0717371837769276,1.6651759539949418,-0.028584531378637291
-3.139048325885895,-1.4938315027820757,-1.292875650373007
-2.7903365604577992,-1.6519491550645871,-0.22995764564501453
-7.2181140270525361,-1.2211381690942558,-1.3196626273092114
-0.010590029571269866,0.83589275134733265,0.83216434351044066
-2.3352025317987932,1.3677724398468198,0.58979789634726432
-1.191532520413001,0.063810042752620699,-0.45931354385655926
-0.31117770936345879,0.11175275448627842,0.40050072403489112
0.37901438286233546,1.5353035930249921,-0.75589719383156895
-1.5509934594175263,-1.8735435013842543,1.1442665940324637
-3.9151451168308817,-1.7616601708559263,0.18699340700212935
0.64759640316866063,1.069727816576266,0.78156939978723794
-3.7798384611713911,-1.7348386552432773,-0.89949590190047535
5.9017606107763205,1.8757537799289983,0.10012555756354551
-3.220873630780265,-1.4152645419546026,1.1508220168820857
-1.1217437409342168,0.031736273147757288,-0.76192999844440856
1.0398325913516442,-1.4821213045560166,0.36991646109931092
0.75071872618898428,0.1564544549860396,2.1385429612809626
-2.3153549762655712,-0.23846757616161707,-2.1885175032201127
2.5747461798971569,1.6994865906629784,-0.6333569069513294
-2.3628655604341278,-1.2397319942251745,-0.11829294340779339
2.5757000819659517,1.3515903784197909,-0.55539506511368675
-2.5401148163527556,-0.99481273744541276,0.4171350818161963
0.2775050516042129,0.93510503478860629,-0.57136207262053351
-0.14345944988521464,1.5866347111708503,-0.15670916297903376
0.29090737265424993,1.4470656991509121,0.53567189676504612
-1.248639621893922,-1.427053992004736,-0.43480249247440256
0.079733630474673273,0.23974067296588331,1.1299482462633981
-1.0204023098705455,1.5770079473368681,-1.3768557883437214
-0.79936782040454724,0.95502551239373012,0.15292124375520449
-0.14561486468046705,-0.067110290280993912,1.2662857639579057
-0.63535106706809985,1.2336223607480705,-1.2515476029048886
2.1083416939089159,1.7411090977766017,-1.160486350755896
-2.6303564783125593,-0.598671304304776,0.43073064346890039
0.35824313721136841,0.45890690397378808,0.40273851232787244
-0.29555230495940354,-0.047328250017401707,1.6220611987309574
0.91752012369593983,1.0197103570739898,1.0074714975609231
0.73872513383423299,1.5462581404507065,0.17636677540276841
-1.5965561703242939,-0.67850393276838572,0.47705237602171618
4.2075253679669853,1.9565118880229639,1.0526719783022112
-1.3901700577387095,-1.7980681435698571,-1.1637259270613356
-1.5536764167446075,-1.3065022676083125,-2.0447885151699037
-0.029071709080394692,1.1844021264631319,0.11245503646461166
-0.60749110619104174,-1.7513901438567636,0.18500620328389275
-0.60990799681920804,0.50283233114324588,-1.7247260604470158
0.21137640828569265,-0.0479207657316989,1.082000897402412
-1.0544030726031857,-0.050352570722625334,-1.2353062958805119
0.26325993779462692,1.0254776312919573,-1.437191142696584
0.81450716132081546,1.4221450199367545,-2.2379658845221755
-3.3524072203497504,-1.3088566355795122,0.61979365875844994
-0.27946434550416727,0.39050950941008145,0.0028260230348918893
1.235155602781369,0.74738738871727906,1.4206429440704549
2.4021815890984475,1.77782348755016,1.028972215003497
-3.7086723938039321,-1.6796215581389924,-0.50882211293497859
-2.1201791084507193,-0.8219167596264545,-1.3741660035718646
0.69516082874316498,0.31878485404258283,0.05400788459620734
-0.35644873570493862,-0.19011405953227767,-0.31172509420590505
-3.4458730107424418,-1.6432581439766847,-0.23591899384794743
0.95984819091556606,1.290481079687861,0.16634731860264412
4.8702400747924957,1.5351127544016845,0.074555513896057884
-2.6661463252584316,-1.3247307445930838,0.83032896055829009
5.3718704432887687,1.8263442679066926,0.76594451127162833
-1.6584872194840938,-1.973392123716891,-0.94483173611476068
0.94726853474718187,1.6722382108418188,0.57629688053041084
-1.682602062451743,-0.7628503071339261,1.9006956054711368
-0.87628491524769314,-0.36721898971667022,-0.067041587959782392
-1.7202794747098515,-1.4113598454341836,-0.61532555624184215
0.57535681633660185,1.5496650577156261,1.3314008877540449
3.0021800750698118,1.6608897469403909,-0.014323763762160636
-0.67672436207883857,-0.034174508499393852,-0.73125584982829872
0.85833137693715111,0.45641041038343744,-0.14695992928172838
-2.6338842151589779,-1.9918582083119802,-1.9429062283237324
-2.4713989370950884,-1.6533766273375603,0.78917660023292713
1.0469640468224091,0.74243834987456925,1.0903517218464713
0.0073039005296421933,-0.13233296439086661,0.7258548942236841
3.1683272644891138,1.249950513255476,-0.84069266386239383
-0.0598273979408116,1.2111116248527196,-0.40183248838984265
-1.5936300199647386,-0.38322451018954018,1.2075874887180591
-1.1272664083436772,-0.19177620183412802,0.54570513428862122
0.32548649422384307,1.4676075606949901,-2.3448648092652093
-1.4862676489041855,-0.48856472369445658,0.18224951442976131
-1.0139184304435021,-0.098142076972761672,0.760363978005413
-4.0255154714792534,-1.6232725049435164,-0.14364445062514491
-3.1578537456111246,-1.692528728708548,-0.23967318894468509
-1.2223615741694591,-1.8306867529204407,0.1691631696599899
-0.52367779255441871,-1.5251605064408778,1.2531090464540868
-0.19482959779814119,0.082323441168990819,-0.053247249457708326
2.0058261636877841,1.9459943686366392,-0.038322839891547847
-1.1228713835128015,-0.58023380167829908,-1.3509460956601358
-6.0402263083927261,-1.8278298813047158,-0.36711739323849729
0.38728636969842928,0.65408556719842759,0.1438390025172889
-1.1333687892203641,-1.8408819398982255,-0.15058973073166934
-0.33263915168919606,0.8591080235794033,-0.79820002434117143
-1.432781776929007,-0.18370613727297513,-1.0967579983727804
1.5310850727976897,1.596904405559882,-0.21241310852548051
-0.63701185100948365,0.077562338381084839,-0.19718681959692194
-2.108642675227518,-0.77372621049695844,-0.32463651778660862
-0.77903152961280187,-1.4702513339320129,-0.0096907576462031478
0.09503292097251248,0.82233599851291528,0.70597097812495391
-1.0225973779342827,1.4455073089758708,-0.55563577156610688
-0.91873452801021993,-1.5994274867536507,-0.84098410805662205
0.34161516574450967,-1.9126904151424884,0.33083493442659806
-0.26391577221673623,0.73984168232154346,-2.3444503981183797
0.87646868471004868,-1.105697710758303,0.13378952947049391
0.76580101675168455,0.6574260651943642,1.6449288119960517
2.1172785508102949,1.8563525190518568,-0.35658141241134678
-0.98751370912233161,0.849370124565894,0.035832071928375071
-4.285716628120408,-1.9275363931080594,1.7484798521353901
-0.74731419565493551,0.25599412664979226,-0.44997608079629231
1.5528184971753864,-1.2852765089331442,0.43125235670769635
-0.023082149357451072,0.21804520893976109,0.59268967603020606
0.27206595524528165,0.81997977822086998,-0.060322467980999536
-1.6255143786217838,-0.34141020058346028,-0.28492326241270166
1.2648752824431815,0.59355687629714904,1.8893323624109659
-5.4399510849193522,-1.8782065988725272,-0.19568798005210125
3.0269109634084161,1.2761942882052146,-0.018086185254060274
-0.54162607795638085,-0.058275101758021641,1.847636503168713
-0.55365668850377769,-1.8457825070251257,0.14881278447660759
1.1098170911030507,0.75117964687112337,1.6764719076285051
-0.5504337948850162,-1.4018493849377602,0.81433439672054042
-0.36240824670024263,0.16466349969463723,-1.6885584480831068
-0.86595677862645337,-0.42197536528563173,0.41623700239262917
-2.3375200802630811,1.1432885748455854,0.14963023882459631
-0.18613356303680673,0.42242134835617273,-0.73882875549257021
1.273567886714484,1.6756576851560649,-0.33513045063232361
-2.6087391401005506,-1.1215382512139271,0.48716746318901871
-0.32496777680560374,-0.45812265401507402,0.89427119098484931
1.6925364575293333,0.9217428030174446,0.28279053000219589
3.1914842014776328,1.8469044450451113,-1.2508588710804074
0.15223071713847033,0.52357576590935162,0.3094620363680593
0.86533439904198439,0.67514348080999831,-0.57346725192378434
0.15474748135687644,1.1578516314878291,-0.36828831946127893
-1.3211542923211237,-1.2470949015449753,-0.46609896564216069
3.3769568316967207,1.9052390029377531,0.56919159354682058
-2.6226611337083403,-1.8656513034603845,-0.28260200297594729
-0.56709517911611018,0.449968547296967,-2.1179966465218363
-1.5987891082532442,-1.8590853938627361,0.04182865446616342
0.86902206790582537,1.7615508107267082,-1.1833078971167172
2.8504971559682897,1.7565651772990378,-0.97862632705234209
